{
    "title": "LC-QuAD Ontology",
    "id": "ont_lcquad",
    "concepts": [
        {
            "qid": "AcademicJournal",
            "label": "AcademicJournal"
        },
        {
            "qid": "AdministrativeRegion",
            "label": "AdministrativeRegion"
        },
        {
            "qid": "Aircraft",
            "label": "Aircraft"
        },
        {
            "qid": "Airline",
            "label": "Airline"
        },
        {
            "qid": "Airport",
            "label": "Airport"
        },
        {
            "qid": "Album",
            "label": "Album"
        },
        {
            "qid": "AmericanFootballLeague",
            "label": "AmericanFootballLeague"
        },
        {
            "qid": "AmericanFootballPlayer",
            "label": "AmericanFootballPlayer"
        },
        {
            "qid": "AmericanFootballTeam",
            "label": "AmericanFootballTeam"
        },
        {
            "qid": "AmusementParkAttraction",
            "label": "AmusementParkAttraction"
        },
        {
            "qid": "Animal",
            "label": "Animal"
        },
        {
            "qid": "Architect",
            "label": "Architect"
        },
        {
            "qid": "Artist",
            "label": "Artist"
        },
        {
            "qid": "Artwork",
            "label": "Artwork"
        },
        {
            "qid": "Astronaut",
            "label": "Astronaut"
        },
        {
            "qid": "Athlete",
            "label": "Athlete"
        },
        {
            "qid": "Automobile",
            "label": "Automobile"
        },
        {
            "qid": "AutomobileEngine",
            "label": "AutomobileEngine"
        },
        {
            "qid": "Award",
            "label": "Award"
        },
        {
            "qid": "Bacteria",
            "label": "Bacteria"
        },
        {
            "qid": "BadmintonPlayer",
            "label": "BadmintonPlayer"
        },
        {
            "qid": "Band",
            "label": "Band"
        },
        {
            "qid": "Bank",
            "label": "Bank"
        },
        {
            "qid": "BaseballPlayer",
            "label": "BaseballPlayer"
        },
        {
            "qid": "BaseballTeam",
            "label": "BaseballTeam"
        },
        {
            "qid": "BasketballLeague",
            "label": "BasketballLeague"
        },
        {
            "qid": "BasketballPlayer",
            "label": "BasketballPlayer"
        },
        {
            "qid": "BasketballTeam",
            "label": "BasketballTeam"
        },
        {
            "qid": "Beverage",
            "label": "Beverage"
        },
        {
            "qid": "Bird",
            "label": "Bird"
        },
        {
            "qid": "BodyOfWater",
            "label": "BodyOfWater"
        },
        {
            "qid": "Book",
            "label": "Book"
        },
        {
            "qid": "Bridge",
            "label": "Bridge"
        },
        {
            "qid": "BroadcastNetwork",
            "label": "BroadcastNetwork"
        },
        {
            "qid": "Building",
            "label": "Building"
        },
        {
            "qid": "Cartoon",
            "label": "Cartoon"
        },
        {
            "qid": "Chancellor",
            "label": "Chancellor"
        },
        {
            "qid": "City",
            "label": "City"
        },
        {
            "qid": "Comedian",
            "label": "Comedian"
        },
        {
            "qid": "Comic",
            "label": "Comic"
        },
        {
            "qid": "ComicsCharacter",
            "label": "ComicsCharacter"
        },
        {
            "qid": "ComicsCreator",
            "label": "ComicsCreator"
        },
        {
            "qid": "Company",
            "label": "Company"
        },
        {
            "qid": "Congressman",
            "label": "Congressman"
        },
        {
            "qid": "Continent",
            "label": "Continent"
        },
        {
            "qid": "Convention",
            "label": "Convention"
        },
        {
            "qid": "Country",
            "label": "Country"
        },
        {
            "qid": "Crustacean",
            "label": "Crustacean"
        },
        {
            "qid": "Currency",
            "label": "Currency"
        },
        {
            "qid": "Dam",
            "label": "Dam"
        },
        {
            "qid": "Device",
            "label": "Device"
        },
        {
            "qid": "Disease",
            "label": "Disease"
        },
        {
            "qid": "Economist",
            "label": "Economist"
        },
        {
            "qid": "EducationalInstitution",
            "label": "EducationalInstitution"
        },
        {
            "qid": "Election",
            "label": "Election"
        },
        {
            "qid": "Engine",
            "label": "Engine"
        },
        {
            "qid": "Engineer",
            "label": "Engineer"
        },
        {
            "qid": "Entomologist",
            "label": "Entomologist"
        },
        {
            "qid": "EthnicGroup",
            "label": "EthnicGroup"
        },
        {
            "qid": "Event",
            "label": "Event"
        },
        {
            "qid": "FashionDesigner",
            "label": "FashionDesigner"
        },
        {
            "qid": "FictionalCharacter",
            "label": "FictionalCharacter"
        },
        {
            "qid": "FigureSkater",
            "label": "FigureSkater"
        },
        {
            "qid": "Film",
            "label": "Film"
        },
        {
            "qid": "Food",
            "label": "Food"
        },
        {
            "qid": "FootballMatch",
            "label": "FootballMatch"
        },
        {
            "qid": "FormulaOneRacer",
            "label": "FormulaOneRacer"
        },
        {
            "qid": "Game",
            "label": "Game"
        },
        {
            "qid": "GolfPlayer",
            "label": "GolfPlayer"
        },
        {
            "qid": "GovernmentAgency",
            "label": "GovernmentAgency"
        },
        {
            "qid": "Governor",
            "label": "Governor"
        },
        {
            "qid": "GrandPrix",
            "label": "GrandPrix"
        },
        {
            "qid": "Grape",
            "label": "Grape"
        },
        {
            "qid": "GridironFootballPlayer",
            "label": "GridironFootballPlayer"
        },
        {
            "qid": "Group",
            "label": "Group"
        },
        {
            "qid": "Gymnast",
            "label": "Gymnast"
        },
        {
            "qid": "HandballTeam",
            "label": "HandballTeam"
        },
        {
            "qid": "HistoricPlace",
            "label": "HistoricPlace"
        },
        {
            "qid": "HockeyTeam",
            "label": "HockeyTeam"
        },
        {
            "qid": "Horse",
            "label": "Horse"
        },
        {
            "qid": "HorseRace",
            "label": "HorseRace"
        },
        {
            "qid": "IceHockeyLeague",
            "label": "IceHockeyLeague"
        },
        {
            "qid": "IceHockeyPlayer",
            "label": "IceHockeyPlayer"
        },
        {
            "qid": "InformationAppliance",
            "label": "InformationAppliance"
        },
        {
            "qid": "Island",
            "label": "Island"
        },
        {
            "qid": "Jockey",
            "label": "Jockey"
        },
        {
            "qid": "Language",
            "label": "Language"
        },
        {
            "qid": "Legislature",
            "label": "Legislature"
        },
        {
            "qid": "Magazine",
            "label": "Magazine"
        },
        {
            "qid": "Mammal",
            "label": "Mammal"
        },
        {
            "qid": "Manga",
            "label": "Manga"
        },
        {
            "qid": "MartialArtist",
            "label": "MartialArtist"
        },
        {
            "qid": "Medician",
            "label": "Medician"
        },
        {
            "qid": "MemberOfParliament",
            "label": "MemberOfParliament"
        },
        {
            "qid": "MilitaryConflict",
            "label": "MilitaryConflict"
        },
        {
            "qid": "MilitaryPerson",
            "label": "MilitaryPerson"
        },
        {
            "qid": "MilitaryUnit",
            "label": "MilitaryUnit"
        },
        {
            "qid": "Model",
            "label": "Model"
        },
        {
            "qid": "Mollusca",
            "label": "Mollusca"
        },
        {
            "qid": "Monarch",
            "label": "Monarch"
        },
        {
            "qid": "Mountain",
            "label": "Mountain"
        },
        {
            "qid": "MusicGenre",
            "label": "MusicGenre"
        },
        {
            "qid": "Musical",
            "label": "Musical"
        },
        {
            "qid": "MusicalArtist",
            "label": "MusicalArtist"
        },
        {
            "qid": "MusicalWork",
            "label": "MusicalWork"
        },
        {
            "qid": "NetballPlayer",
            "label": "NetballPlayer"
        },
        {
            "qid": "Newspaper",
            "label": "Newspaper"
        },
        {
            "qid": "Non-ProfitOrganisation",
            "label": "Non-ProfitOrganisation"
        },
        {
            "qid": "OfficeHolder",
            "label": "OfficeHolder"
        },
        {
            "qid": "Organisation",
            "label": "Organisation"
        },
        {
            "qid": "OrganisationMember",
            "label": "OrganisationMember"
        },
        {
            "qid": "Person",
            "label": "Person"
        },
        {
            "qid": "Philosopher",
            "label": "Philosopher"
        },
        {
            "qid": "Photographer",
            "label": "Photographer"
        },
        {
            "qid": "Place",
            "label": "Place"
        },
        {
            "qid": "Planet",
            "label": "Planet"
        },
        {
            "qid": "Play",
            "label": "Play"
        },
        {
            "qid": "PlayboyPlaymate",
            "label": "PlayboyPlaymate"
        },
        {
            "qid": "PoliticalParty",
            "label": "PoliticalParty"
        },
        {
            "qid": "Politician",
            "label": "Politician"
        },
        {
            "qid": "Pope",
            "label": "Pope"
        },
        {
            "qid": "President",
            "label": "President"
        },
        {
            "qid": "PrimeMinister",
            "label": "PrimeMinister"
        },
        {
            "qid": "ProgrammingLanguage",
            "label": "ProgrammingLanguage"
        },
        {
            "qid": "ProtectedArea",
            "label": "ProtectedArea"
        },
        {
            "qid": "PublicTransitSystem",
            "label": "PublicTransitSystem"
        },
        {
            "qid": "Publisher",
            "label": "Publisher"
        },
        {
            "qid": "RaceHorse",
            "label": "RaceHorse"
        },
        {
            "qid": "RacingDriver",
            "label": "RacingDriver"
        },
        {
            "qid": "RadioProgram",
            "label": "RadioProgram"
        },
        {
            "qid": "RadioStation",
            "label": "RadioStation"
        },
        {
            "qid": "RailwayLine",
            "label": "RailwayLine"
        },
        {
            "qid": "RailwayTunnel",
            "label": "RailwayTunnel"
        },
        {
            "qid": "RecordLabel",
            "label": "RecordLabel"
        },
        {
            "qid": "Region",
            "label": "Region"
        },
        {
            "qid": "Religious",
            "label": "Religious"
        },
        {
            "qid": "River",
            "label": "River"
        },
        {
            "qid": "Road",
            "label": "Road"
        },
        {
            "qid": "RoadTunnel",
            "label": "RoadTunnel"
        },
        {
            "qid": "Rocket",
            "label": "Rocket"
        },
        {
            "qid": "Royalty",
            "label": "Royalty"
        },
        {
            "qid": "RugbyPlayer",
            "label": "RugbyPlayer"
        },
        {
            "qid": "Saint",
            "label": "Saint"
        },
        {
            "qid": "School",
            "label": "School"
        },
        {
            "qid": "Scientist",
            "label": "Scientist"
        },
        {
            "qid": "ScreenWriter",
            "label": "ScreenWriter"
        },
        {
            "qid": "Sea",
            "label": "Sea"
        },
        {
            "qid": "Senator",
            "label": "Senator"
        },
        {
            "qid": "Settlement",
            "label": "Settlement"
        },
        {
            "qid": "Ship",
            "label": "Ship"
        },
        {
            "qid": "Single",
            "label": "Single"
        },
        {
            "qid": "Skier",
            "label": "Skier"
        },
        {
            "qid": "SoccerClub",
            "label": "SoccerClub"
        },
        {
            "qid": "SoccerClubSeason",
            "label": "SoccerClubSeason"
        },
        {
            "qid": "SoccerManager",
            "label": "SoccerManager"
        },
        {
            "qid": "SoccerPlayer",
            "label": "SoccerPlayer"
        },
        {
            "qid": "Software",
            "label": "Software"
        },
        {
            "qid": "Song",
            "label": "Song"
        },
        {
            "qid": "Species",
            "label": "Species"
        },
        {
            "qid": "SpeedwayLeague",
            "label": "SpeedwayLeague"
        },
        {
            "qid": "Sport",
            "label": "Sport"
        },
        {
            "qid": "SportsLeague",
            "label": "SportsLeague"
        },
        {
            "qid": "SportsManager",
            "label": "SportsManager"
        },
        {
            "qid": "SportsSeason",
            "label": "SportsSeason"
        },
        {
            "qid": "SportsTeam",
            "label": "SportsTeam"
        },
        {
            "qid": "Stadium",
            "label": "Stadium"
        },
        {
            "qid": "Station",
            "label": "Station"
        },
        {
            "qid": "Stream",
            "label": "Stream"
        },
        {
            "qid": "TelevisionEpisode",
            "label": "TelevisionEpisode"
        },
        {
            "qid": "TelevisionShow",
            "label": "TelevisionShow"
        },
        {
            "qid": "TelevisionStation",
            "label": "TelevisionStation"
        },
        {
            "qid": "TennisPlayer",
            "label": "TennisPlayer"
        },
        {
            "qid": "Town",
            "label": "Town"
        },
        {
            "qid": "TradeUnion",
            "label": "TradeUnion"
        },
        {
            "qid": "Train",
            "label": "Train"
        },
        {
            "qid": "University",
            "label": "University"
        },
        {
            "qid": "Valley",
            "label": "Valley"
        },
        {
            "qid": "Venue",
            "label": "Venue"
        },
        {
            "qid": "VideoGame",
            "label": "VideoGame"
        },
        {
            "qid": "VolleyballPlayer",
            "label": "VolleyballPlayer"
        },
        {
            "qid": "Weapon",
            "label": "Weapon"
        },
        {
            "qid": "Website",
            "label": "Website"
        },
        {
            "qid": "Work",
            "label": "Work"
        },
        {
            "qid": "Wrestler",
            "label": "Wrestler"
        },
        {
            "qid": "Writer",
            "label": "Writer"
        },
        {
            "qid": "WrittenWork",
            "label": "WrittenWork"
        },
        {
            "qid": "Location",
            "label": "Location"
        }
    ],
    "relations": [
        {
            "qid": "academicAdvisor",
            "label": "academicAdvisor"
        },
        {
            "qid": "academicDiscipline",
            "label": "academicDiscipline"
        },
        {
            "qid": "address",
            "label": "address"
        },
        {
            "qid": "affiliation",
            "label": "affiliation"
        },
        {
            "qid": "agencyName",
            "label": "agencyName"
        },
        {
            "qid": "album",
            "label": "album"
        },
        {
            "qid": "allegiance",
            "label": "allegiance"
        },
        {
            "qid": "almaMater",
            "label": "almaMater"
        },
        {
            "qid": "animator",
            "label": "animator"
        },
        {
            "qid": "anthem",
            "label": "anthem"
        },
        {
            "qid": "appointer",
            "label": "appointer"
        },
        {
            "qid": "archipelago",
            "label": "archipelago"
        },
        {
            "qid": "architect",
            "label": "architect"
        },
        {
            "qid": "architecturalStyle",
            "label": "architecturalStyle"
        },
        {
            "qid": "architecture",
            "label": "architecture"
        },
        {
            "qid": "area",
            "label": "area"
        },
        {
            "qid": "arena",
            "label": "arena"
        },
        {
            "qid": "artist",
            "label": "artist"
        },
        {
            "qid": "assembly",
            "label": "assembly"
        },
        {
            "qid": "associate",
            "label": "associate"
        },
        {
            "qid": "associatedActs",
            "label": "associatedActs"
        },
        {
            "qid": "associatedBand",
            "label": "associatedBand"
        },
        {
            "qid": "associatedMusicalArtist",
            "label": "associatedMusicalArtist"
        },
        {
            "qid": "athletics",
            "label": "athletics"
        },
        {
            "qid": "author",
            "label": "author"
        },
        {
            "qid": "authority",
            "label": "authority"
        },
        {
            "qid": "automobilePlatform",
            "label": "automobilePlatform"
        },
        {
            "qid": "award",
            "label": "award"
        },
        {
            "qid": "bandMember",
            "label": "bandMember"
        },
        {
            "qid": "basedOn",
            "label": "basedOn"
        },
        {
            "qid": "battle",
            "label": "battle"
        },
        {
            "qid": "battleHonours",
            "label": "battleHonours"
        },
        {
            "qid": "beatifiedBy",
            "label": "beatifiedBy"
        },
        {
            "qid": "billed",
            "label": "billed"
        },
        {
            "qid": "binomialAuthority",
            "label": "binomialAuthority"
        },
        {
            "qid": "birthDate",
            "label": "birthDate"
        },
        {
            "qid": "birthName",
            "label": "birthName"
        },
        {
            "qid": "birthPlace",
            "label": "birthPlace"
        },
        {
            "qid": "board",
            "label": "board"
        },
        {
            "qid": "bodyDiscovered",
            "label": "bodyDiscovered"
        },
        {
            "qid": "border",
            "label": "border"
        },
        {
            "qid": "borough",
            "label": "borough"
        },
        {
            "qid": "branch",
            "label": "branch"
        },
        {
            "qid": "breeder",
            "label": "breeder"
        },
        {
            "qid": "broadcastArea",
            "label": "broadcastArea"
        },
        {
            "qid": "broadcastNetwork",
            "label": "broadcastNetwork"
        },
        {
            "qid": "bronzeMedalist",
            "label": "bronzeMedalist"
        },
        {
            "qid": "builder",
            "label": "builder"
        },
        {
            "qid": "buildingType",
            "label": "buildingType"
        },
        {
            "qid": "campus",
            "label": "campus"
        },
        {
            "qid": "canonizedBy",
            "label": "canonizedBy"
        },
        {
            "qid": "capital",
            "label": "capital"
        },
        {
            "qid": "carries",
            "label": "carries"
        },
        {
            "qid": "ceremonialCounty",
            "label": "ceremonialCounty"
        },
        {
            "qid": "chairman",
            "label": "chairman"
        },
        {
            "qid": "champion",
            "label": "champion"
        },
        {
            "qid": "chancellor",
            "label": "chancellor"
        },
        {
            "qid": "channel",
            "label": "channel"
        },
        {
            "qid": "characterName",
            "label": "characterName"
        },
        {
            "qid": "characters",
            "label": "characters"
        },
        {
            "qid": "child",
            "label": "child"
        },
        {
            "qid": "children",
            "label": "children"
        },
        {
            "qid": "cinematography",
            "label": "cinematography"
        },
        {
            "qid": "citizenship",
            "label": "citizenship"
        },
        {
            "qid": "city",
            "label": "city"
        },
        {
            "qid": "cityServed",
            "label": "cityServed"
        },
        {
            "qid": "class",
            "label": "class"
        },
        {
            "qid": "club",
            "label": "club"
        },
        {
            "qid": "coach",
            "label": "coach"
        },
        {
            "qid": "college",
            "label": "college"
        },
        {
            "qid": "colour",
            "label": "colour"
        },
        {
            "qid": "combatant",
            "label": "combatant"
        },
        {
            "qid": "commandStructure",
            "label": "commandStructure"
        },
        {
            "qid": "commander",
            "label": "commander"
        },
        {
            "qid": "company",
            "label": "company"
        },
        {
            "qid": "companyType",
            "label": "companyType"
        },
        {
            "qid": "composer",
            "label": "composer"
        },
        {
            "qid": "computingPlatform",
            "label": "computingPlatform"
        },
        {
            "qid": "constituency",
            "label": "constituency"
        },
        {
            "qid": "country",
            "label": "country"
        },
        {
            "qid": "county",
            "label": "county"
        },
        {
            "qid": "countySeat",
            "label": "countySeat"
        },
        {
            "qid": "coverArtist",
            "label": "coverArtist"
        },
        {
            "qid": "cpu",
            "label": "cpu"
        },
        {
            "qid": "creator",
            "label": "creator"
        },
        {
            "qid": "crosses",
            "label": "crosses"
        },
        {
            "qid": "currency",
            "label": "currency"
        },
        {
            "qid": "currentMember",
            "label": "currentMember"
        },
        {
            "qid": "currentPartner",
            "label": "currentPartner"
        },
        {
            "qid": "currentTeam",
            "label": "currentTeam"
        },
        {
            "qid": "currentclub",
            "label": "currentclub"
        },
        {
            "qid": "deathCause",
            "label": "deathCause"
        },
        {
            "qid": "deathDate",
            "label": "deathDate"
        },
        {
            "qid": "deathPlace",
            "label": "deathPlace"
        },
        {
            "qid": "debutTeam",
            "label": "debutTeam"
        },
        {
            "qid": "denomination",
            "label": "denomination"
        },
        {
            "qid": "deputy",
            "label": "deputy"
        },
        {
            "qid": "design",
            "label": "design"
        },
        {
            "qid": "designCompany",
            "label": "designCompany"
        },
        {
            "qid": "designer",
            "label": "designer"
        },
        {
            "qid": "destination",
            "label": "destination"
        },
        {
            "qid": "developer",
            "label": "developer"
        },
        {
            "qid": "director",
            "label": "director"
        },
        {
            "qid": "discipline",
            "label": "discipline"
        },
        {
            "qid": "discoverer",
            "label": "discoverer"
        },
        {
            "qid": "distributingLabel",
            "label": "distributingLabel"
        },
        {
            "qid": "distributor",
            "label": "distributor"
        },
        {
            "qid": "district",
            "label": "district"
        },
        {
            "qid": "division",
            "label": "division"
        },
        {
            "qid": "doctoralAdvisor",
            "label": "doctoralAdvisor"
        },
        {
            "qid": "doctoralStudent",
            "label": "doctoralStudent"
        },
        {
            "qid": "domain",
            "label": "domain"
        },
        {
            "qid": "draftTeam",
            "label": "draftTeam"
        },
        {
            "qid": "editing",
            "label": "editing"
        },
        {
            "qid": "editor",
            "label": "editor"
        },
        {
            "qid": "education",
            "label": "education"
        },
        {
            "qid": "employer",
            "label": "employer"
        },
        {
            "qid": "engine",
            "label": "engine"
        },
        {
            "qid": "ethnicity",
            "label": "ethnicity"
        },
        {
            "qid": "executiveProducer",
            "label": "executiveProducer"
        },
        {
            "qid": "family",
            "label": "family"
        },
        {
            "qid": "federalState",
            "label": "federalState"
        },
        {
            "qid": "field",
            "label": "field"
        },
        {
            "qid": "firstAired",
            "label": "firstAired"
        },
        {
            "qid": "firstAscentPerson",
            "label": "firstAscentPerson"
        },
        {
            "qid": "firstDriver",
            "label": "firstDriver"
        },
        {
            "qid": "firstTeam",
            "label": "firstTeam"
        },
        {
            "qid": "flagbearer",
            "label": "flagbearer"
        },
        {
            "qid": "format",
            "label": "format"
        },
        {
            "qid": "formerBandMember",
            "label": "formerBandMember"
        },
        {
            "qid": "formerBroadcastNetwork",
            "label": "formerBroadcastNetwork"
        },
        {
            "qid": "formerChoreographer",
            "label": "formerChoreographer"
        },
        {
            "qid": "formerCoach",
            "label": "formerCoach"
        },
        {
            "qid": "formerPartner",
            "label": "formerPartner"
        },
        {
            "qid": "formerTeam",
            "label": "formerTeam"
        },
        {
            "qid": "foundation",
            "label": "foundation"
        },
        {
            "qid": "foundationPlace",
            "label": "foundationPlace"
        },
        {
            "qid": "founded",
            "label": "founded"
        },
        {
            "qid": "foundedBy",
            "label": "foundedBy"
        },
        {
            "qid": "founder",
            "label": "founder"
        },
        {
            "qid": "fromAlbum",
            "label": "fromAlbum"
        },
        {
            "qid": "garrison",
            "label": "garrison"
        },
        {
            "qid": "gender",
            "label": "gender"
        },
        {
            "qid": "genre",
            "label": "genre"
        },
        {
            "qid": "governingBody",
            "label": "governingBody"
        },
        {
            "qid": "governmentType",
            "label": "governmentType"
        },
        {
            "qid": "governor",
            "label": "governor"
        },
        {
            "qid": "grandsire",
            "label": "grandsire"
        },
        {
            "qid": "ground",
            "label": "ground"
        },
        {
            "qid": "guests",
            "label": "guests"
        },
        {
            "qid": "hairColor",
            "label": "hairColor"
        },
        {
            "qid": "headCoach",
            "label": "headCoach"
        },
        {
            "qid": "headquarter",
            "label": "headquarter"
        },
        {
            "qid": "highSchool",
            "label": "highSchool"
        },
        {
            "qid": "homeStadium",
            "label": "homeStadium"
        },
        {
            "qid": "homeTown",
            "label": "homeTown"
        },
        {
            "qid": "homeport",
            "label": "homeport"
        },
        {
            "qid": "honours",
            "label": "honours"
        },
        {
            "qid": "hostCity",
            "label": "hostCity"
        },
        {
            "qid": "house",
            "label": "house"
        },
        {
            "qid": "hubAirport",
            "label": "hubAirport"
        },
        {
            "qid": "hubs",
            "label": "hubs"
        },
        {
            "qid": "ideology",
            "label": "ideology"
        },
        {
            "qid": "illustrator",
            "label": "illustrator"
        },
        {
            "qid": "incumbent",
            "label": "incumbent"
        },
        {
            "qid": "industry",
            "label": "industry"
        },
        {
            "qid": "inflow",
            "label": "inflow"
        },
        {
            "qid": "influenced",
            "label": "influenced"
        },
        {
            "qid": "influencedBy",
            "label": "influencedBy"
        },
        {
            "qid": "influences",
            "label": "influences"
        },
        {
            "qid": "ingredient",
            "label": "ingredient"
        },
        {
            "qid": "institution",
            "label": "institution"
        },
        {
            "qid": "instrument",
            "label": "instrument"
        },
        {
            "qid": "international",
            "label": "international"
        },
        {
            "qid": "isPartOf",
            "label": "isPartOf"
        },
        {
            "qid": "judges",
            "label": "judges"
        },
        {
            "qid": "junction",
            "label": "junction"
        },
        {
            "qid": "jurisdiction",
            "label": "jurisdiction"
        },
        {
            "qid": "keyPeople",
            "label": "keyPeople"
        },
        {
            "qid": "keyPerson",
            "label": "keyPerson"
        },
        {
            "qid": "kingdom",
            "label": "kingdom"
        },
        {
            "qid": "knownFor",
            "label": "knownFor"
        },
        {
            "qid": "label",
            "label": "label"
        },
        {
            "qid": "language",
            "label": "language"
        },
        {
            "qid": "languageFamily",
            "label": "languageFamily"
        },
        {
            "qid": "largestCity",
            "label": "largestCity"
        },
        {
            "qid": "last",
            "label": "last"
        },
        {
            "qid": "launchSite",
            "label": "launchSite"
        },
        {
            "qid": "layout",
            "label": "layout"
        },
        {
            "qid": "leader",
            "label": "leader"
        },
        {
            "qid": "leaderName",
            "label": "leaderName"
        },
        {
            "qid": "leaderTitle",
            "label": "leaderTitle"
        },
        {
            "qid": "league",
            "label": "league"
        },
        {
            "qid": "leftTributary",
            "label": "leftTributary"
        },
        {
            "qid": "license",
            "label": "license"
        },
        {
            "qid": "licensee",
            "label": "licensee"
        },
        {
            "qid": "lieutenant",
            "label": "lieutenant"
        },
        {
            "qid": "line",
            "label": "line"
        },
        {
            "qid": "literaryGenre",
            "label": "literaryGenre"
        },
        {
            "qid": "localAuthority",
            "label": "localAuthority"
        },
        {
            "qid": "locatedInArea",
            "label": "locatedInArea"
        },
        {
            "qid": "location",
            "label": "location"
        },
        {
            "qid": "locationCity",
            "label": "locationCity"
        },
        {
            "qid": "locationCountry",
            "label": "locationCountry"
        },
        {
            "qid": "locationTown",
            "label": "locationTown"
        },
        {
            "qid": "lyrics",
            "label": "lyrics"
        },
        {
            "qid": "magazine",
            "label": "magazine"
        },
        {
            "qid": "mainIngredient",
            "label": "mainIngredient"
        },
        {
            "qid": "mainInterest",
            "label": "mainInterest"
        },
        {
            "qid": "maintainedBy",
            "label": "maintainedBy"
        },
        {
            "qid": "majorShrine",
            "label": "majorShrine"
        },
        {
            "qid": "manager",
            "label": "manager"
        },
        {
            "qid": "managerClub",
            "label": "managerClub"
        },
        {
            "qid": "manufacturer",
            "label": "manufacturer"
        },
        {
            "qid": "mascot",
            "label": "mascot"
        },
        {
            "qid": "material",
            "label": "material"
        },
        {
            "qid": "mayor",
            "label": "mayor"
        },
        {
            "qid": "meaning",
            "label": "meaning"
        },
        {
            "qid": "membership",
            "label": "membership"
        },
        {
            "qid": "mergedIntoParty",
            "label": "mergedIntoParty"
        },
        {
            "qid": "militaryBranch",
            "label": "militaryBranch"
        },
        {
            "qid": "militaryRank",
            "label": "militaryRank"
        },
        {
            "qid": "militaryUnit",
            "label": "militaryUnit"
        },
        {
            "qid": "mission",
            "label": "mission"
        },
        {
            "qid": "monarch",
            "label": "monarch"
        },
        {
            "qid": "mother",
            "label": "mother"
        },
        {
            "qid": "motto",
            "label": "motto"
        },
        {
            "qid": "mountainRange",
            "label": "mountainRange"
        },
        {
            "qid": "mouthCountry",
            "label": "mouthCountry"
        },
        {
            "qid": "mouthLocation",
            "label": "mouthLocation"
        },
        {
            "qid": "mouthMountain",
            "label": "mouthMountain"
        },
        {
            "qid": "mouthPlace",
            "label": "mouthPlace"
        },
        {
            "qid": "movement",
            "label": "movement"
        },
        {
            "qid": "municipality",
            "label": "municipality"
        },
        {
            "qid": "museum",
            "label": "museum"
        },
        {
            "qid": "music",
            "label": "music"
        },
        {
            "qid": "musicBy",
            "label": "musicBy"
        },
        {
            "qid": "musicComposer",
            "label": "musicComposer"
        },
        {
            "qid": "musicalArtist",
            "label": "musicalArtist"
        },
        {
            "qid": "musicalBand",
            "label": "musicalBand"
        },
        {
            "qid": "name",
            "label": "name"
        },
        {
            "qid": "narrated",
            "label": "narrated"
        },
        {
            "qid": "narrator",
            "label": "narrator"
        },
        {
            "qid": "nationalAnthem",
            "label": "nationalAnthem"
        },
        {
            "qid": "nationalMotto",
            "label": "nationalMotto"
        },
        {
            "qid": "nationalOrigin",
            "label": "nationalOrigin"
        },
        {
            "qid": "nationality",
            "label": "nationality"
        },
        {
            "qid": "nationalteam",
            "label": "nationalteam"
        },
        {
            "qid": "nativeName",
            "label": "nativeName"
        },
        {
            "qid": "nearestCity",
            "label": "nearestCity"
        },
        {
            "qid": "neighboringMunicipality",
            "label": "neighboringMunicipality"
        },
        {
            "qid": "network",
            "label": "network"
        },
        {
            "qid": "nextAlbum",
            "label": "nextAlbum"
        },
        {
            "qid": "nickname",
            "label": "nickname"
        },
        {
            "qid": "nominee",
            "label": "nominee"
        },
        {
            "qid": "nonFictionSubject",
            "label": "nonFictionSubject"
        },
        {
            "qid": "notableCommander",
            "label": "notableCommander"
        },
        {
            "qid": "notableInstruments",
            "label": "notableInstruments"
        },
        {
            "qid": "notableWork",
            "label": "notableWork"
        },
        {
            "qid": "occupation",
            "label": "occupation"
        },
        {
            "qid": "office",
            "label": "office"
        },
        {
            "qid": "officialLanguage",
            "label": "officialLanguage"
        },
        {
            "qid": "officialName",
            "label": "officialName"
        },
        {
            "qid": "openingTheme",
            "label": "openingTheme"
        },
        {
            "qid": "opentheme",
            "label": "opentheme"
        },
        {
            "qid": "operatedBy",
            "label": "operatedBy"
        },
        {
            "qid": "operatingSystem",
            "label": "operatingSystem"
        },
        {
            "qid": "operator",
            "label": "operator"
        },
        {
            "qid": "opponent",
            "label": "opponent"
        },
        {
            "qid": "order",
            "label": "order"
        },
        {
            "qid": "origin",
            "label": "origin"
        },
        {
            "qid": "os",
            "label": "os"
        },
        {
            "qid": "other",
            "label": "other"
        },
        {
            "qid": "otherParty",
            "label": "otherParty"
        },
        {
            "qid": "outflow",
            "label": "outflow"
        },
        {
            "qid": "owned",
            "label": "owned"
        },
        {
            "qid": "owner",
            "label": "owner"
        },
        {
            "qid": "owningCompany",
            "label": "owningCompany"
        },
        {
            "qid": "owningOrganisation",
            "label": "owningOrganisation"
        },
        {
            "qid": "parent",
            "label": "parent"
        },
        {
            "qid": "parentCompany",
            "label": "parentCompany"
        },
        {
            "qid": "parentMountainPeak",
            "label": "parentMountainPeak"
        },
        {
            "qid": "parentOrganisation",
            "label": "parentOrganisation"
        },
        {
            "qid": "parliament",
            "label": "parliament"
        },
        {
            "qid": "part",
            "label": "part"
        },
        {
            "qid": "partner",
            "label": "partner"
        },
        {
            "qid": "party",
            "label": "party"
        },
        {
            "qid": "pastMembers",
            "label": "pastMembers"
        },
        {
            "qid": "pastteams",
            "label": "pastteams"
        },
        {
            "qid": "phylum",
            "label": "phylum"
        },
        {
            "qid": "place",
            "label": "place"
        },
        {
            "qid": "placeOfBirth",
            "label": "placeOfBirth"
        },
        {
            "qid": "placeOfBurial",
            "label": "placeOfBurial"
        },
        {
            "qid": "placeOfDeath",
            "label": "placeOfDeath"
        },
        {
            "qid": "playedFor",
            "label": "playedFor"
        },
        {
            "qid": "poleDriver",
            "label": "poleDriver"
        },
        {
            "qid": "portrayer",
            "label": "portrayer"
        },
        {
            "qid": "position",
            "label": "position"
        },
        {
            "qid": "predecessor",
            "label": "predecessor"
        },
        {
            "qid": "presenter",
            "label": "presenter"
        },
        {
            "qid": "president",
            "label": "president"
        },
        {
            "qid": "previousWork",
            "label": "previousWork"
        },
        {
            "qid": "primeMinister",
            "label": "primeMinister"
        },
        {
            "qid": "primeminister",
            "label": "primeminister"
        },
        {
            "qid": "prizes",
            "label": "prizes"
        },
        {
            "qid": "producer",
            "label": "producer"
        },
        {
            "qid": "product",
            "label": "product"
        },
        {
            "qid": "profession",
            "label": "profession"
        },
        {
            "qid": "programmeFormat",
            "label": "programmeFormat"
        },
        {
            "qid": "programmingLanguage",
            "label": "programmingLanguage"
        },
        {
            "qid": "prospectTeam",
            "label": "prospectTeam"
        },
        {
            "qid": "province",
            "label": "province"
        },
        {
            "qid": "publisher",
            "label": "publisher"
        },
        {
            "qid": "purpose",
            "label": "purpose"
        },
        {
            "qid": "race",
            "label": "race"
        },
        {
            "qid": "rank",
            "label": "rank"
        },
        {
            "qid": "recordLabel",
            "label": "recordLabel"
        },
        {
            "qid": "recorded",
            "label": "recorded"
        },
        {
            "qid": "recordedIn",
            "label": "recordedIn"
        },
        {
            "qid": "region",
            "label": "region"
        },
        {
            "qid": "regionServed",
            "label": "regionServed"
        },
        {
            "qid": "related",
            "label": "related"
        },
        {
            "qid": "relatedMeanOfTransportation",
            "label": "relatedMeanOfTransportation"
        },
        {
            "qid": "relation",
            "label": "relation"
        },
        {
            "qid": "relative",
            "label": "relative"
        },
        {
            "qid": "released",
            "label": "released"
        },
        {
            "qid": "religion",
            "label": "religion"
        },
        {
            "qid": "religiousAffiliation",
            "label": "religiousAffiliation"
        },
        {
            "qid": "residence",
            "label": "residence"
        },
        {
            "qid": "restingPlace",
            "label": "restingPlace"
        },
        {
            "qid": "result",
            "label": "result"
        },
        {
            "qid": "rightTributary",
            "label": "rightTributary"
        },
        {
            "qid": "rival",
            "label": "rival"
        },
        {
            "qid": "river",
            "label": "river"
        },
        {
            "qid": "riverMouth",
            "label": "riverMouth"
        },
        {
            "qid": "role",
            "label": "role"
        },
        {
            "qid": "routeEnd",
            "label": "routeEnd"
        },
        {
            "qid": "routeJunction",
            "label": "routeJunction"
        },
        {
            "qid": "routeStart",
            "label": "routeStart"
        },
        {
            "qid": "school",
            "label": "school"
        },
        {
            "qid": "schooltype",
            "label": "schooltype"
        },
        {
            "qid": "screenplay",
            "label": "screenplay"
        },
        {
            "qid": "season",
            "label": "season"
        },
        {
            "qid": "series",
            "label": "series"
        },
        {
            "qid": "service",
            "label": "service"
        },
        {
            "qid": "servingRailwayLine",
            "label": "servingRailwayLine"
        },
        {
            "qid": "settlementType",
            "label": "settlementType"
        },
        {
            "qid": "shipBuilder",
            "label": "shipBuilder"
        },
        {
            "qid": "showName",
            "label": "showName"
        },
        {
            "qid": "significantBuilding",
            "label": "significantBuilding"
        },
        {
            "qid": "silverMedalist",
            "label": "silverMedalist"
        },
        {
            "qid": "sire",
            "label": "sire"
        },
        {
            "qid": "sisterNames",
            "label": "sisterNames"
        },
        {
            "qid": "sisterStation",
            "label": "sisterStation"
        },
        {
            "qid": "source",
            "label": "source"
        },
        {
            "qid": "sourceCountry",
            "label": "sourceCountry"
        },
        {
            "qid": "sourceLocation",
            "label": "sourceLocation"
        },
        {
            "qid": "sourceMountain",
            "label": "sourceMountain"
        },
        {
            "qid": "sourcePlace",
            "label": "sourcePlace"
        },
        {
            "qid": "sourceRegion",
            "label": "sourceRegion"
        },
        {
            "qid": "species",
            "label": "species"
        },
        {
            "qid": "sport",
            "label": "sport"
        },
        {
            "qid": "spouse",
            "label": "spouse"
        },
        {
            "qid": "stadium",
            "label": "stadium"
        },
        {
            "qid": "starring",
            "label": "starring"
        },
        {
            "qid": "state",
            "label": "state"
        },
        {
            "qid": "stateOfOrigin",
            "label": "stateOfOrigin"
        },
        {
            "qid": "style",
            "label": "style"
        },
        {
            "qid": "stylisticOrigin",
            "label": "stylisticOrigin"
        },
        {
            "qid": "subject",
            "label": "subject"
        },
        {
            "qid": "subsequentWork",
            "label": "subsequentWork"
        },
        {
            "qid": "subsidiary",
            "label": "subsidiary"
        },
        {
            "qid": "succeeded",
            "label": "succeeded"
        },
        {
            "qid": "successor",
            "label": "successor"
        },
        {
            "qid": "superintendent",
            "label": "superintendent"
        },
        {
            "qid": "system",
            "label": "system"
        },
        {
            "qid": "targetAirport",
            "label": "targetAirport"
        },
        {
            "qid": "team",
            "label": "team"
        },
        {
            "qid": "teamName",
            "label": "teamName"
        },
        {
            "qid": "tenant",
            "label": "tenant"
        },
        {
            "qid": "territory",
            "label": "territory"
        },
        {
            "qid": "themeMusicComposer",
            "label": "themeMusicComposer"
        },
        {
            "qid": "timeZone",
            "label": "timeZone"
        },
        {
            "qid": "title",
            "label": "title"
        },
        {
            "qid": "trainer",
            "label": "trainer"
        },
        {
            "qid": "training",
            "label": "training"
        },
        {
            "qid": "type",
            "label": "type"
        },
        {
            "qid": "university",
            "label": "university"
        },
        {
            "qid": "usedInWar",
            "label": "usedInWar"
        },
        {
            "qid": "veneratedIn",
            "label": "veneratedIn"
        },
        {
            "qid": "venue",
            "label": "venue"
        },
        {
            "qid": "vicePresident",
            "label": "vicePresident"
        },
        {
            "qid": "voice",
            "label": "voice"
        },
        {
            "qid": "wineRegion",
            "label": "wineRegion"
        },
        {
            "qid": "workInstitutions",
            "label": "workInstitutions"
        },
        {
            "qid": "writer",
            "label": "writer"
        },
        {
            "qid": "youthclubs",
            "label": "youthclubs"
        }
    ]
}